{"stats":{"minecraft:broken":{"minecraft:iron_boots":1,"minecraft:stone_pickaxe":1,"minecraft:iron_sword":1,"minecraft:shield":1,"minecraft:iron_helmet":1,"minecraft:wooden_hoe":1,"iceandfire:silver_axe":1},"minecraft:dropped":{"minecraft:baked_potato":2,"minecraft:diamond":4,"minecraft:crafting_table":1,"minecraft:bone":18,"minecraft:carrot":1,"minecraft:sea_lantern":8,"minecraft:bread":3,"minecraft:iron_ingot":51,"minecraft:wheat_seeds":1,"deeperdarker:sculk_bone":5,"minecraft:granite":1,"minecraft:copper_ingot":5,"minecraft:coal":19,"deeperdarker:soul_crystal":1,"minecraft:stick":3,"irons_spellbooks:scroll":2,"evilcraft:blood_extractor":2,"minecraft:torch":1,"minecraft:iron_axe":1,"minecraft:bucket":1,"minecraft:furnace":1,"minecraft:sweet_berries":2,"minecraft:raw_iron":21,"irons_spellbooks:uncommon_ink":1,"magistuarmory:rustedhalfarmor_chestplate":2,"minecraft:iron_boots":1,"irons_spellbooks:dragonskin":6,"minecraft:name_tag":1,"minecraft:glass_pane":16,"minecraft:potato":29,"minecraft:shield":1,"minecraft:diamond_chestplate":1,"minecraft:iron_chestplate":1,"minecraft:rabbit_stew":1,"minecraft:stone_pickaxe":2,"minecraft:wooden_pickaxe":1,"minecraft:cyan_bed":1,"evilcraft:weather_container":1},"minecraft:mined":{"minecraft:oak_sapling":2,"iceandfire:graveyard_soil":2,"minecraft:farmland":11,"alexscaves:limestone":17,"minecraft:granite":23,"deeperdarker:sculk_vines_plant":2,"minecraft:grass_block":104,"alexscaves:pewen_branch":1,"deeperdarker:echo_soil":49,"deeperdarker:sculk_gleam":23,"minecraft:deepslate_bricks":2,"minecraft:raw_iron_block":3,"minecraft:glowstone":42,"farmersdelight:wild_rice":11,"minecraft:iron_ore":21,"minecraft:fire":1,"biomesoplenty:violet":2,"minecraft:pumpkin":29,"minecraft:anvil":1,"minecraft:deepslate_lapis_ore":2,"deeperdarker:sculk_stone_diamond_ore":1,"minecraft:sculk_shrieker":1,"minecraft:red_tulip":2,"supplementaries:stick":3,"deeperdarker:sculk_grime":1,"minecraft:iron_bars":2,"alexscaves:smooth_limestone":4,"alexscaves:ambersol":1,"minecraft:deepslate_brick_stairs":2,"farmersdelight:rice_panicles":36,"minecraft:pink_tulip":1,"regions_unexplored:silt_grass_block":1,"minecraft:spruce_slab":2,"alexscaves:amber":70,"minecraft:red_bed":1,"minecraft:soul_fire":1,"deeperdarker:sculk_stone":282,"deeperdarker:echo_leaves":17,"minecraft:dark_oak_wood":4,"minecraft:blast_furnace":1,"minecraft:poppy":1,"minecraft:melon":7,"iceandfire:ghost_chest":2,"minecraft:chest":1,"supplementaries:wild_flax":1,"farmersdelight:cabbages":10,"minecraft:cobblestone":13,"minecraft:cyan_bed":4,"minecraft:oak_planks":90,"minecraft:sugar_cane":3,"minecraft:wall_torch":9,"minecraft:wheat":8,"minecraft:lilac":22,"biomesoplenty:maple_leaves":1,"minecraft:orange_tulip":1,"minecraft:grass":134,"minecraft:oak_log":140,"minecraft:loom":1,"minecraft:sand":164,"minecraft:dirt":40,"deeperdarker:gloomslate_iron_ore":11,"minecraft:raw_copper_block":3,"minecraft:oak_leaves":146,"minecraft:deepslate":15,"evilcraft:hardened_blood":3,"alexscaves:flood_basalt":11,"minecraft:red_carpet":2,"deeperdarker:sculk_stone_copper_ore":3,"alexscaves:primal_magma":64,"iceandfire:silver_ore":6,"minecraft:oak_door":2,"deeperdarker:gloomslate":11,"farmersdelight:wild_carrots":12,"minecraft:dark_oak_log":3,"deeperdarker:echo_log":14,"deeperdarker:cut_sculk_stone":2,"minecraft:spruce_fence":2,"minecraft:spruce_leaves":100,"minecraft:cartography_table":1,"minecraft:large_fern":3,"minecraft:hay_block":7,"deeperdarker:gloomy_sculk":1,"alexscaves:archaic_vine_plant":3,"minecraft:furnace":2,"minecraft:carrots":27,"minecraft:raw_gold_block":1,"deeperdarker:sculk_stone_iron_ore":33,"minecraft:andesite":70,"minecraft:diamond_block":1,"evilcraft:dark_ore":3,"deeperdarker:sculk_tendrils":1,"minecraft:polished_deepslate":1,"minecraft:potatoes":123,"minecraft:vine":5,"deeperdarker:sculk_tendrils_plant":4,"alexscaves:curly_fern":2,"minecraft:white_tulip":1,"minecraft:stone":432,"minecraft:bone_block":4,"minecraft:smithing_table":1,"minecraft:light_gray_carpet":1,"deeperdarker:sculk_stone_gold_ore":6,"deeperdarker:ancient_vase":35,"minecraft:crafting_table":1,"untamedwilds:flora_bush_temperate":12,"alexscaves:tree_star":6,"minecraft:copper_ore":30,"minecraft:tall_grass":1,"biomesoplenty:sprout":118,"minecraft:lapis_ore":2,"minecraft:cracked_deepslate_bricks":2,"alexscaves:archaic_vine":1,"minecraft:sculk":14,"minecraft:diorite":70,"minecraft:blue_bed":6,"supplementaries:urn":1,"deeperdarker:sculk_vines":1,"minecraft:trapped_chest":1,"minecraft:sweet_berry_bush":1,"minecraft:ice":1,"minecraft:white_carpet":10,"minecraft:spruce_log":213,"deeperdarker:sculk_stone_coal_ore":19,"minecraft:coal_ore":49,"minecraft:sunflower":17,"minecraft:gray_carpet":2,"minecraft:cobweb":5,"deeperdarker:cobbled_sculk_stone":2,"minecraft:stone_bricks":39,"minecraft:gold_ore":26,"minecraft:fern":7},"minecraft:used":{"iceandfire:lectern":1,"deeperdarker:heart_of_the_deep":1,"minecraft:iron_shovel":233,"minecraft:polished_deepslate":1,"alexscaves:spawn_egg_tremorzilla":4,"deeperdarker:gloomslate":3,"alexscaves:spawn_egg_luxtructosaurus":1,"minecraft:spruce_slab":73,"farmersdelight:cabbage_seeds":33,"minecraft:chest":10,"minecraft:shield":78,"minecraft:stone":2,"minecraft:iron_sword":243,"iceandfire:spawn_egg_siren":1,"minecraft:rotten_flesh":23,"minecraft:sculk_sensor":1,"minecraft:iron_chestplate":3,"alexscaves:flood_basalt":4,"alexscaves:ambersol":1,"minecraft:carrot":108,"iceandfire:spawn_egg_fire_dragon":6,"magistuarmory:rustedhalfarmor_chestplate":1,"minecraft:warden_spawn_egg":2,"minecraft:lava_bucket":11,"minecraft:grass_block":28,"minecraft:lantern":4,"sons_of_sins:walking_bed_spawn_egg":3,"minecraft:iron_helmet":1,"evilcraft:bucket_eternal_water":1,"minecraft:stone_bricks":109,"minecraft:rabbit_stew":1,"minecraft:reinforced_deepslate":15,"iceandfire:spawn_egg_lightning_dragon":1,"minecraft:sweet_berries":42,"minecraft:oak_sapling":37,"minecraft:furnace":5,"minecraft:egg":1,"minecraft:potato":179,"alexscaves:smooth_limestone":4,"minecraft:diorite":34,"minecraft:stone_pickaxe":131,"minecraft:gray_carpet":2,"minecraft:oak_planks":96,"minecraft:wooden_pickaxe":22,"minecraft:sugar_cane":8,"minecraft:blue_bed":6,"minecraft:golden_apple":2,"alexscaves:archaic_vine":4,"minecraft:sand":81,"iceandfire:silver_axe":461,"farmersdelight:rice":46,"minecraft:pumpkin_seeds":4,"minecraft:deepslate_brick_stairs":2,"sons_of_sins:wistiver_spawn_egg":2,"minecraft:melon_slice":35,"minecraft:bread":4,"minecraft:cyan_bed":2,"alexscaves:nuclear_siren":1,"tombstone:grave_key":1,"deeperdarker:sculk_vines":1,"sons_of_sins:kelvin_spawn_egg":2,"iceandfire:spawn_egg_myrmex_queen":2,"minecraft:lilac":2,"minecraft:diamond_sword":134,"deeperdarker:cobbled_gloomslate":7,"minecraft:andesite":53,"sons_of_sins:prowler_spawn_egg":1,"deeperdarker:sculk_stone_tiles":8,"minecraft:bone_meal":90,"minecraft:netherite_sword":18,"minecraft:rose_bush":1,"minecraft:white_tulip":1,"minecraft:flint_and_steel":1,"minecraft:cracked_deepslate_bricks":2,"iceandfire:spawn_egg_myrmex_worker":2,"minecraft:spruce_planks":25,"morebowsandarrows:blaze_bow":4,"minecraft:stick":3,"minecraft:oak_door":3,"minecraft:torch":32,"sons_of_sins:betrayed_guzzler_spawn_egg":1,"minecraft:dirt":140,"minecraft:anvil":2,"minecraft:white_carpet":5,"minecraft:spruce_stairs":25,"alexscaves:spawn_egg_nucleeper":1,"minecraft:granite":12,"minecraft:spruce_fence":29,"sons_of_sins:curse_spawn_egg":2,"minecraft:iron_axe":34,"minecraft:iron_boots":2,"minecraft:diamond_chestplate":1,"tombstone:gift":3,"torchmaster:megatorch":1,"minecraft:trapped_chest":1,"minecraft:cobbled_deepslate":12,"deeperdarker:cut_sculk_stone":2,"alexsdelight:cooked_bison":2,"minecraft:iron_leggings":1,"deeperdarker:sculk_gleam":10,"alexsmobs:cooked_catfish":2,"minecraft:wheat_seeds":12,"minecraft:cooked_mutton":3,"minecraft:water_bucket":16,"biomesoplenty:maple_leaves":1,"deeperdarker:stalker_spawn_egg":1,"minecraft:baked_potato":45,"minecraft:cartography_table":1,"sons_of_sins:blud_spawn_egg":3,"deeperdarker:echo_planks":15,"minecraft:deepslate_bricks":1,"minecraft:fletching_table":1,"minecraft:stonecutter":1,"deeperdarker:echo_soil":25,"deeperdarker:cobbled_sculk_stone":91,"iceandfire:spawn_egg_myrmex_sentinel":1,"minecraft:crafting_table":4,"minecraft:red_bed":1,"alexscaves:curly_fern":1,"minecraft:campfire":1,"minecraft:spruce_log":154,"minecraft:oak_log":67,"minecraft:wooden_hoe":127,"minecraft:diamond_pickaxe":1197,"minecraft:apple":4,"minecraft:ender_eye":12,"minecraft:sunflower":8,"minecraft:iron_pickaxe":89,"iceandfire:dragon_horn":3,"tombstone:magic_scroll":1,"iceandfire:spawn_egg_myrmex_royal":2,"minecraft:spruce_sapling":50,"sons_of_sins:butcher_spawn_egg":3,"iceandfire:spawn_egg_myrmex_soldier":2,"minecraft:cobblestone":79,"minecraft:cooked_porkchop":2,"untamedwilds:flora_bush_temperate":4,"minecraft:bucket":28,"minecraft:glass_pane":9,"minecraft:end_portal_frame":12},"minecraft:killed_by":{"minecraft:player":2},"minecraft:killed":{"irons_spellbooks:pyromancer":1,"minecraft:spider":1,"irons_spellbooks:cryomancer":2,"irons_spellbooks:summoned_polar_bear":1,"minecraft:skeleton":5,"deeperdarker:sculk_leech":7,"deeperdarker:sculk_snapper":2,"deeperdarker:stalker":1,"untamedwilds:boar":2,"minecraft:ender_dragon":1,"minecraft:creeper":1,"minecraft:sheep":1,"minecraft:trader_llama":4,"minecraft:zombie":5,"alexscaves:trilocaris":1,"untamedwilds:rhino":1,"mca:female_zombie_villager":1,"alexsmobs:raccoon":1,"minecraft:phantom":1,"deeperdarker:shattered":12,"alexsmobs:bison":1,"alexsmobs:catfish":1,"iceandfire:ghost":4,"minecraft:enderman":1},"minecraft:crafted":{"deeperdarker:sculk_stone_tiles":8,"minecraft:oak_planks":128,"untamedwilds:trap_cage":4,"iceandfire:lectern":1,"minecraft:stone":120,"magistuarmory:silver_shortsword":1,"minecraft:iron_bars":16,"minecraft:glass":64,"minecraft:iron_boots":1,"minecraft:bow":2,"minecraft:raw_copper":27,"evilcraft:blood_extractor":2,"tombstone:grave_key":1,"magistuarmory:silver_zweihander":1,"minecraft:chest":9,"deeperdarker:polished_sculk_stone":8,"minecraft:stone_bricks":52,"torchmaster:megatorch":1,"iceandfire:silver_axe":1,"minecraft:glass_bottle":3,"sophisticatedbackpacks:backpack":1,"minecraft:crafting_table":2,"minecraft:spruce_planks":208,"minecraft:baked_potato":55,"minecraft:wooden_pickaxe":1,"minecraft:iron_helmet":1,"minecraft:copper_ingot":9,"minecraft:fletching_table":1,"minecraft:gold_block":2,"minecraft:campfire":1,"minecraft:spruce_trapdoor":4,"morebowsandarrows:blaze_bow":1,"minecraft:iron_chestplate":1,"minecraft:wooden_hoe":3,"minecraft:charcoal":16,"minecraft:shield":2,"minecraft:stick":32,"minecraft:iron_ingot":125,"minecraft:iron_pickaxe":1,"minecraft:gold_ingot":34,"magistuarmory:leather_strip":6,"evilcraft:dark_spike":16,"minecraft:oak_door":3,"minecraft:raw_iron":27,"morebowsandarrows:iron_bow":1,"minecraft:iron_nugget":54,"morebowsandarrows:diamond_bow":1,"minecraft:furnace":2,"minecraft:bone_meal":90,"magistuarmory:longbow":1,"minecraft:spruce_fence":27,"apotheosis:explosive_arrow":1,"minecraft:glass_pane":32,"minecraft:flint_and_steel":1,"magistuarmory:hilt":3,"minecraft:lantern":4,"minecraft:diamond":9,"minecraft:spruce_stairs":28,"minecraft:iron_axe":1,"minecraft:spruce_slab":102,"deeperdarker:sculk_stone_bricks":8,"farmersdelight:rice":32,"evilcraft:bucket_eternal_water":4,"minecraft:sugar":1,"minecraft:diamond_sword":1,"iceandfire:silver_ingot":6,"minecraft:iron_sword":1,"minecraft:bucket":6,"evilcraft:weather_container":1,"minecraft:bread":1,"minecraft:air":0,"iceandfire:bestiary":1,"minecraft:raw_gold":9,"nyfsquiver:basic_quiver":1,"minecraft:iron_leggings":1,"minecraft:stonecutter":1,"minecraft:torch":28,"deeperdarker:echo_planks":52,"minecraft:diamond_chestplate":2},"minecraft:picked_up":{"irons_spellbooks:scroll":5,"minecraft:wheat":7,"minecraft:anvil":1,"minecraft:smithing_table":1,"minecraft:lead":4,"farmersdelight:rice_panicle":32,"alexscaves:trilocaris_tail":1,"biomesoplenty:violet":1,"minecraft:enchanted_book":11,"biomesoplenty:maple_leaves":1,"alexscaves:smooth_limestone":4,"minecraft:polished_deepslate":1,"iceandfire:manuscript":10,"minecraft:string":80,"minecraft:raw_copper":100,"deeperdarker:grime_ball":55,"irons_spellbooks:fire_ale":1,"irons_spellbooks:arcane_essence":63,"minecraft:gold_nugget":6,"minecraft:cobbled_deepslate":30,"farmersdelight:cabbage":10,"minecraft:white_tulip":1,"minecraft:rose_bush":6,"minecraft:enchanted_golden_apple":1,"minecraft:melon_slice":35,"evilcraft:blood_extractor":1,"farmersdelight:cabbage_seeds":30,"minecraft:furnace":2,"minecraft:stick":75,"iceandfire:ghost_chest":2,"apotheosis:gem":23,"minecraft:torch":14,"deeperdarker:heart_of_the_deep":6,"minecraft:porkchop":7,"iceandfire:lightning_dragon_flesh":20,"tombstone:grave_dust":2,"minecraft:diorite":70,"deeperdarker:echo_log":14,"minecraft:rotten_flesh":99,"deeperdarker:soul_dust":9,"minecraft:red_tulip":2,"alexsdelight:raw_bison":3,"alexscaves:archaic_vine":4,"minecraft:deepslate_brick_stairs":2,"minecraft:iron_bars":2,"minecraft:cobblestone":446,"iceandfire:dragonscales_black":84,"deeperdarker:cobbled_sculk_stone":185,"minecraft:feather":1,"minecraft:lilac":23,"farmersdelight:rice":11,"deeperdarker:cut_sculk_stone":2,"minecraft:water_bucket":1,"minecraft:andesite":70,"minecraft:potato":401,"deeperdarker:echo_sapling":1,"supplementaries:flax_seeds":2,"evilcraft:flesh_humanoid":1,"minecraft:lapis_lazuli":67,"minecraft:dirt":183,"minecraft:name_tag":4,"minecraft:bone":26,"alexscaves:cooked_trilocaris_tail":1,"minecraft:raw_gold":33,"minecraft:wheat_seeds":28,"minecraft:orange_tulip":1,"minecraft:glowstone_dust":108,"minecraft:oak_planks":90,"minecraft:cooked_porkchop":7,"deeperdarker:sculk_vines":1,"irons_spellbooks:legendary_ink":1,"minecraft:poisonous_potato":6,"minecraft:sand":206,"deeperdarker:soul_crystal":2,"minecraft:diamond_block":1,"minecraft:loom":1,"iceandfire:lightning_dragon_heart":1,"minecraft:cyan_bed":4,"minecraft:trapped_chest":1,"irons_spellbooks:ice_rune":2,"minecraft:diamond":6,"minecraft:granite":23,"minecraft:golden_apple":4,"minecraft:emerald":9,"minecraft:chainmail_helmet":1,"minecraft:bread":1,"iceandfire:gorgon_head":1,"minecraft:oak_sapling":51,"irons_spellbooks:uncommon_ink":3,"iceandfire:raw_silver":6,"iceandfire:dragon_skull_lightning":1,"minecraft:crafting_table":1,"alexscaves:primal_magma":29,"deeperdarker:cobbled_gloomslate":11,"alexscaves:flood_basalt":10,"minecraft:chain":2,"alexsmobs:cooked_catfish":2,"minecraft:red_bed":1,"minecraft:item_frame":4,"minecraft:white_carpet":5,"alexsdelight:cooked_bison":3,"iceandfire:ghost_ingot":1,"iceandfire:graveyard_soil":2,"deeperdarker:warden_carapace":11,"minecraft:cartography_table":1,"irons_spellbooks:epic_ink":1,"minecraft:poppy":1,"minecraft:spruce_slab":4,"evilcraft:hardened_blood_shard":15,"minecraft:sugar_cane":9,"minecraft:chest":1,"minecraft:raw_copper_block":3,"minecraft:egg":1,"minecraft:raw_iron":65,"iceandfire:dragonbone":43,"untamedwilds:food_pachyderm_raw":2,"minecraft:raw_gold_block":1,"minecraft:oak_door":2,"minecraft:copper_ingot":1,"untamedwilds:flora_bush_temperate":12,"minecraft:spruce_fence":2,"deeperdarker:sculk_tendrils":15,"iceandfire:dragonegg_amythest":1,"minecraft:carrot":101,"minecraft:redstone":53,"iceandfire:silver_ingot":5,"minecraft:arrow":6,"deeperdarker:sculk_gleam":23,"minecraft:deepslate_bricks":1,"minecraft:cracked_deepslate_bricks":2,"minecraft:pink_tulip":1,"minecraft:gold_ingot":17,"minecraft:mutton":3,"minecraft:rail":2,"minecraft:skeleton_skull":1,"minecraft:bone_block":7,"magistuarmory:rustedhalfarmor_chestplate":2,"minecraft:salmon":1,"minecraft:leather":9,"minecraft:oak_log":140,"iceandfire:ectoplasm":2,"minecraft:gunpowder":6,"alexscaves:ambersol":1,"deeperdarker:echo_soil":26,"minecraft:blue_bed":6,"tombstone:gift":1,"irons_spellbooks:rare_ink":1,"alexscaves:amber":54,"apotheosis:warden_tendril":5,"minecraft:cooked_mutton":3,"irons_spellbooks:common_ink":5,"minecraft:stone_bricks":39,"minecraft:apple":4,"minecraft:gray_carpet":2,"untamedwilds:material_fat":4,"minecraft:iron_ingot":80,"minecraft:stone_pickaxe":1,"minecraft:cobweb":33,"alexscaves:curly_fern":4,"minecraft:book":5,"minecraft:sculk_catalyst":4,"minecraft:sweet_berries":111,"minecraft:pumpkin":29,"magistuarmory:rustedchainmail_chestplate":2,"iceandfire:ash":1,"minecraft:raw_iron_block":3,"evilcraft:weather_container":1,"alexscaves:tree_star":6,"minecraft:amethyst_shard":8,"minecraft:spruce_sapling":48,"minecraft:blast_furnace":1,"irons_spellbooks:dragonskin":12,"minecraft:spruce_log":212,"magistuarmory:rustedchainmail_leggings":1,"minecraft:spider_eye":3,"alexsmobs:raw_catfish":2,"deeperdarker:sculk_bone":20,"minecraft:stone_axe":1,"evilcraft:dark_gem":16,"minecraft:baked_potato":20,"minecraft:black_wool":1,"minecraft:dark_oak_wood":4,"minecraft:coal":77,"minecraft:sunflower":19},"minecraft:custom":{"minecraft:animals_bred":1,"minecraft:interact_with_crafting_table":73,"minecraft:open_barrel":12,"minecraft:bell_ring":1,"minecraft:leave_game":16,"minecraft:time_since_death":125218,"minecraft:damage_resisted":226,"minecraft:sprint_one_cm":725807,"minecraft:damage_blocked_by_shield":1518,"minecraft:drop":59,"minecraft:talked_to_villager":2,"minecraft:play_time":678183,"minecraft:deaths":8,"minecraft:jump":6385,"minecraft:walk_on_water_one_cm":94430,"minecraft:interact_with_furnace":108,"minecraft:sleep_in_bed":13,"minecraft:damage_dealt":19966,"minecraft:player_kills":1,"minecraft:crouch_one_cm":131453,"tombstone:undead_killed":15,"minecraft:horse_one_cm":287,"minecraft:interact_with_anvil":2,"minecraft:mob_kills":84,"minecraft:interact_with_campfire":16,"minecraft:damage_dealt_resisted":0,"minecraft:climb_one_cm":19074,"minecraft:walk_one_cm":2760624,"minecraft:sneak_time":38418,"minecraft:walk_under_water_one_cm":29361,"minecraft:total_world_time":678183,"tombstone:raider_killed":1,"minecraft:interact_with_stonecutter":5,"minecraft:time_since_rest":943,"minecraft:damage_absorbed":40,"minecraft:damage_taken":2147483647,"minecraft:swim_one_cm":35898,"minecraft:fly_one_cm":1508950,"minecraft:open_chest":370,"minecraft:fall_one_cm":135031}},"DataVersion":3465}