{"stats":{"minecraft:broken":{"minecraft:iron_shovel":1,"minecraft:iron_boots":2,"minecraft:chainmail_chestplate":1,"magistuarmory:rustedkettlehat":1,"minecraft:wooden_pickaxe":2,"minecraft:iron_axe":2,"minecraft:iron_helmet":1},"minecraft:dropped":{"minecraft:baked_potato":20,"minecraft:diamond":1,"minecraft:crafting_table":1,"minecraft:cod":1,"minecraft:dirt":40,"alexscaves:primal_magma":7,"minecraft:snowball":5,"minecraft:amethyst_shard":4,"minecraft:bone_block":3,"minecraft:phantom_membrane":1,"minecraft:bone":12,"minecraft:oak_door":1,"deeperdarker:sculk_tendrils":2,"minecraft:stone_axe":1,"irons_spellbooks:fire_rune":1,"alexsmobs:animal_dictionary":1,"minecraft:cobbled_deepslate":13,"minecraft:wheat":4,"minecraft:obsidian":2,"minecraft:soul_lantern":5,"minecraft:deepslate_brick_slab":4,"minecraft:rotten_flesh":48,"minecraft:light_gray_carpet":2,"deeperdarker:heart_of_the_deep":1,"evilcraft:flesh_humanoid":2,"minecraft:carrot":5,"minecraft:gunpowder":4,"deeperdarker:grime_ball":57,"minecraft:beef":4,"minecraft:iron_ingot":18,"minecraft:bread":1,"minecraft:wheat_seeds":2,"evilcraft:condensed_blood":23,"minecraft:poisonous_potato":1,"deeperdarker:sculk_bone":13,"minecraft:cobblestone":176,"minecraft:iron_helmet":1,"minecraft:feather":3,"evilcraft:dark_gem":2,"minecraft:copper_ingot":1,"minecraft:coal":12,"minecraft:golden_apple":2,"minecraft:stick":5,"deeperdarker:echo_sapling":1,"biomemakeover:willow_planks":1,"minecraft:deepslate_brick_stairs":4,"minecraft:diorite":1,"minecraft:wooden_axe":1,"minecraft:iron_leggings":1,"minecraft:spruce_sapling":1,"minecraft:redstone":6,"minecraft:polished_deepslate":2,"minecraft:stone_sword":1,"minecraft:raw_iron":1,"minecraft:chicken":2,"minecraft:white_carpet":1,"minecraft:clay_ball":8,"minecraft:cobbled_deepslate_slab":2,"minecraft:flint_and_steel":1,"irons_spellbooks:frostward_ring":1,"deeperdarker:soul_dust":1,"minecraft:spruce_planks":4,"minecraft:iron_chestplate":1,"minecraft:stone_bricks":1,"minecraft:stone_pickaxe":1,"minecraft:wooden_pickaxe":1,"deeperdarker:cobbled_sculk_stone":114},"minecraft:mined":{"minecraft:dark_oak_planks":1,"minecraft:sculk_vein":3,"deeperdarker:sculk_vines_plant":1,"minecraft:grass_block":275,"minecraft:stone_brick_wall":3,"deeperdarker:echo_soil":101,"deeperdarker:sculk_gleam":12,"minecraft:deepslate_bricks":1,"minecraft:iron_ore":1,"deeperdarker:sculk_stone_diamond_ore":2,"minecraft:azure_bluet":2,"minecraft:sculk_shrieker":3,"supplementaries:stick":12,"amendments:wall_lantern":6,"minecraft:oak_stairs":1,"minecraft:iron_bars":1,"minecraft:deepslate_brick_stairs":2,"farmersdelight:rice_panicles":6,"minecraft:spruce_slab":2,"deeperdarker:infested_sculk":2,"biomesoplenty:willow_leaves":2,"irons_spellbooks:pedestal":1,"minecraft:red_bed":1,"minecraft:amethyst_cluster":1,"deeperdarker:sculk_stone":381,"minecraft:soul_lantern":4,"minecraft:clay":2,"minecraft:torch":19,"deeperdarker:echo_leaves":25,"minecraft:poppy":3,"minecraft:melon":4,"minecraft:cobblestone":13,"minecraft:oak_planks":136,"minecraft:wall_torch":9,"minecraft:wheat":10,"deeperdarker:sculk_jaw":6,"minecraft:lilac":8,"biomesoplenty:maple_sapling":2,"biomesoplenty:maple_leaves":164,"minecraft:stone_brick_stairs":28,"minecraft:grass":12,"minecraft:oak_log":286,"minecraft:sand":84,"minecraft:dirt":218,"deeperdarker:echo_planks":2,"minecraft:stonecutter":1,"minecraft:oak_leaves":74,"minecraft:light_blue_stained_glass_pane":1,"deeperdarker:smooth_sculk_stone":1,"minecraft:mossy_cobblestone":1,"minecraft:candle":1,"deeperdarker:gloomslate":2,"deeperdarker:echo_log":13,"minecraft:sea_lantern":2,"minecraft:cobbled_deepslate_slab":1,"minecraft:spruce_fence":14,"minecraft:spruce_leaves":7,"biomemakeover:willow_planks":1,"deeperdarker:gloomy_sculk":2,"minecraft:deepslate_brick_slab":2,"minecraft:furnace":3,"minecraft:carrots":6,"deeperdarker:sculk_stone_iron_ore":38,"minecraft:andesite":3,"evilcraft:dark_ore":1,"deeperdarker:sculk_tendrils":1,"minecraft:polished_deepslate":1,"minecraft:potatoes":25,"biomesoplenty:high_grass":1,"minecraft:vine":1,"minecraft:lantern":1,"minecraft:stripped_oak_log":20,"deeperdarker:sculk_tendrils_plant":1,"irons_spellbooks:inscription_table":1,"minecraft:stone":261,"minecraft:bone_block":1,"minecraft:podzol":1,"minecraft:oak_slab":2,"minecraft:light_gray_carpet":1,"deeperdarker:sculk_stone_gold_ore":3,"deeperdarker:ancient_vase":25,"minecraft:crafting_table":3,"minecraft:rose_bush":32,"minecraft:copper_ore":2,"biomesoplenty:sprout":11,"minecraft:sculk":7,"deeperdarker:sculk_vines":3,"untamedwilds:block_burrow":1,"minecraft:sweet_berry_bush":7,"minecraft:white_carpet":1,"minecraft:spruce_log":22,"alexscaves:tremorzilla_egg":1,"minecraft:coal_ore":40,"minecraft:cracked_stone_bricks":1,"deeperdarker:cobbled_sculk_stone":11,"minecraft:stone_bricks":17,"minecraft:iron_trapdoor":8,"minecraft:fern":2},"minecraft:used":{"minecraft:iron_shovel":508,"minecraft:spruce_slab":20,"minecraft:poppy":5,"minecraft:bone_block":3,"minecraft:chest":5,"minecraft:shield":45,"minecraft:iron_sword":141,"minecraft:rotten_flesh":99,"minecraft:lily_of_the_valley":1,"minecraft:carrot":60,"minecraft:azure_bluet":4,"minecraft:warden_spawn_egg":69,"minecraft:lantern":14,"minecraft:stone_brick_stairs":159,"minecraft:stone_bricks":98,"minecraft:rabbit_stew":1,"minecraft:sweet_berries":78,"minecraft:oak_sapling":1,"minecraft:furnace":6,"deeperdarker:sculk_tendrils":6,"minecraft:potato":60,"minecraft:cow_spawn_egg":30,"minecraft:stone_pickaxe":147,"minecraft:oak_planks":373,"minecraft:wooden_pickaxe":118,"minecraft:golden_apple":6,"minecraft:sand":28,"farmersdelight:rice":6,"minecraft:shears":152,"minecraft:melon_slice":24,"minecraft:bread":8,"minecraft:cyan_bed":1,"tombstone:grave_key":1,"deeperdarker:sculk_vines":6,"minecraft:lilac":10,"minecraft:soul_lantern":49,"minecraft:diamond_sword":176,"minecraft:wooden_sword":41,"minecraft:andesite":3,"minecraft:oak_boat":2,"minecraft:bone_meal":90,"minecraft:rose_bush":16,"minecraft:stone_sword":68,"minecraft:flint_and_steel":19,"morebowsandarrows:diamond_bow":3,"minecraft:wooden_shovel":29,"minecraft:cooked_salmon":12,"minecraft:oak_door":2,"minecraft:stick":36,"minecraft:torch":40,"minecraft:dirt":275,"minecraft:spruce_fence":42,"biomesoplenty:maple_sapling":38,"minecraft:dark_oak_planks":1,"minecraft:wooden_axe":46,"minecraft:sea_lantern":7,"minecraft:iron_axe":529,"minecraft:oak_stairs":11,"minecraft:beef":5,"minecraft:iron_trapdoor":25,"tombstone:gift":6,"deeperdarker:echo_sapling":6,"irons_spellbooks:pedestal":1,"deeperdarker:sculk_gleam":2,"minecraft:wheat_seeds":8,"minecraft:water_bucket":28,"biomesoplenty:maple_leaves":107,"minecraft:baked_potato":29,"minecraft:stonecutter":2,"deeperdarker:echo_soil":99,"deeperdarker:cobbled_sculk_stone":144,"alexscaves:tremorzilla_egg":6,"minecraft:mossy_cobblestone":1,"minecraft:oak_slab":15,"minecraft:crafting_table":4,"minecraft:red_bed":1,"minecraft:spruce_log":1,"minecraft:oak_log":197,"minecraft:wooden_hoe":38,"minecraft:diamond_pickaxe":700,"minecraft:apple":7,"minecraft:iron_pickaxe":64,"minecraft:stone_axe":1,"minecraft:cobblestone":6,"deeperdarker:smooth_sculk_stone":1,"minecraft:bucket":27,"minecraft:glass_pane":56,"minecraft:stripped_oak_log":18,"alexscaves:nuclear_bomb":14,"minecraft:candle":5},"minecraft:killed_by":{"minecraft:player":1,"deeperdarker:shattered":1,"iceandfire:gorgon":2},"minecraft:killed":{"minecraft:spider":2,"iceandfire:gorgon":1,"minecraft:skeleton":2,"deeperdarker:sculk_leech":3,"deeperdarker:sculk_snapper":5,"alexsmobs:grizzly_bear":1,"minecraft:creeper":1,"minecraft:zombie":5,"deeperdarker:shattered":15,"iceandfire:myrmex_soldier":1,"iceandfire:ghost":1},"minecraft:crafted":{"minecraft:oak_planks":340,"minecraft:stone":234,"minecraft:glass":45,"minecraft:iron_boots":2,"tombstone:grave_key":3,"minecraft:chest":5,"minecraft:stone_bricks":88,"minecraft:oak_slab":12,"minecraft:wooden_shovel":1,"minecraft:crafting_table":3,"minecraft:spruce_planks":72,"minecraft:baked_potato":73,"minecraft:wooden_pickaxe":2,"minecraft:iron_helmet":2,"minecraft:stone_brick_stairs":143,"minecraft:iron_chestplate":1,"minecraft:wooden_hoe":1,"minecraft:diamond_pickaxe":1,"minecraft:shield":1,"minecraft:stick":40,"minecraft:iron_ingot":25,"minecraft:iron_pickaxe":1,"minecraft:stone_sword":1,"minecraft:shears":1,"minecraft:wooden_sword":1,"minecraft:oak_door":3,"minecraft:iron_nugget":63,"minecraft:furnace":2,"minecraft:bone_meal":90,"minecraft:spruce_fence":30,"minecraft:glass_pane":48,"minecraft:lantern":7,"minecraft:iron_axe":2,"minecraft:spruce_slab":18,"minecraft:stone_pickaxe":1,"farmersdelight:rice":6,"minecraft:diamond_sword":1,"minecraft:iron_trapdoor":19,"minecraft:iron_sword":1,"minecraft:cooked_salmon":13,"minecraft:stone_axe":1,"minecraft:bread":3,"minecraft:oak_boat":2,"minecraft:wooden_axe":2,"minecraft:oak_stairs":24,"minecraft:iron_shovel":2,"minecraft:iron_leggings":2,"minecraft:stonecutter":1,"minecraft:torch":56,"deeperdarker:echo_planks":56},"minecraft:picked_up":{"irons_spellbooks:scroll":1,"minecraft:iron_chestplate":1,"minecraft:wheat":9,"minecraft:iron_trapdoor":8,"minecraft:diamond_sword":1,"farmersdelight:rice_panicle":6,"minecraft:oak_stairs":1,"minecraft:enchanted_book":3,"minecraft:stone_brick_stairs":28,"biomesoplenty:maple_leaves":139,"minecraft:polished_deepslate":2,"minecraft:string":72,"minecraft:raw_copper":9,"deeperdarker:grime_ball":57,"minecraft:cobbled_deepslate":23,"iceandfire:myrmex_desert_resin":2,"minecraft:rose_bush":28,"minecraft:melon_slice":24,"evilcraft:blood_extractor":1,"irons_spellbooks:inscription_table":1,"minecraft:iron_boots":1,"minecraft:furnace":4,"minecraft:stick":77,"apotheosis:gem":2,"minecraft:torch":31,"deeperdarker:heart_of_the_deep":7,"deeperdarker:echo_planks":2,"minecraft:diorite":1,"irons_spellbooks:fire_rune":2,"deeperdarker:echo_log":13,"sons_of_sins:cursed_head":1,"deeperdarker:soul_dust":2,"minecraft:rotten_flesh":83,"minecraft:deepslate_brick_stairs":4,"minecraft:cod":1,"minecraft:iron_bars":1,"minecraft:cobblestone":442,"minecraft:snowball":5,"deeperdarker:cobbled_sculk_stone":706,"minecraft:feather":3,"minecraft:lilac":11,"minecraft:andesite":3,"minecraft:potato":121,"deeperdarker:echo_sapling":3,"minecraft:lapis_lazuli":22,"minecraft:dirt":518,"minecraft:lantern":7,"minecraft:name_tag":1,"minecraft:bone":24,"irons_spellbooks:pedestal":1,"minecraft:stonecutter":1,"minecraft:wheat_seeds":24,"minecraft:deepslate_brick_slab":4,"minecraft:raw_gold":2,"minecraft:cobbled_deepslate_slab":2,"minecraft:oak_planks":144,"deeperdarker:sculk_vines":7,"irons_spellbooks:frostward_ring":1,"minecraft:poisonous_potato":1,"deeperdarker:soul_crystal":1,"minecraft:sand":122,"minecraft:cyan_bed":1,"minecraft:lily_of_the_valley":1,"minecraft:mossy_cobblestone":1,"minecraft:diamond":6,"minecraft:soul_lantern":10,"minecraft:golden_apple":5,"minecraft:emerald":3,"minecraft:bread":3,"iceandfire:gorgon_head":1,"minecraft:oak_sapling":1,"minecraft:light_gray_carpet":2,"minecraft:crafting_table":3,"alexscaves:primal_magma":7,"minecraft:azure_bluet":4,"minecraft:clay_ball":8,"minecraft:chicken":2,"deeperdarker:cobbled_gloomslate":2,"minecraft:rabbit_stew":1,"biomemakeover:willow_planks":1,"minecraft:wooden_pickaxe":1,"minecraft:stone_brick_wall":2,"minecraft:shield":1,"minecraft:red_bed":1,"minecraft:iron_axe":1,"minecraft:white_carpet":5,"minecraft:glass_pane":16,"deeperdarker:warden_carapace":17,"minecraft:candle":4,"minecraft:beef":9,"minecraft:poppy":5,"minecraft:spruce_slab":2,"deeperdarker:smooth_sculk_stone":1,"minecraft:phantom_membrane":2,"minecraft:raw_iron":60,"minecraft:copper_ingot":5,"minecraft:spruce_fence":14,"deeperdarker:sculk_tendrils":8,"magistuarmory:rustedkettlehat":1,"minecraft:carrot":33,"minecraft:redstone":74,"minecraft:prismarine_crystals":5,"sons_of_sins:ether_ashes":3,"minecraft:dark_oak_planks":1,"minecraft:arrow":3,"minecraft:diamond_chestplate":1,"deeperdarker:sculk_gleam":12,"minecraft:gold_ingot":8,"minecraft:bone_block":6,"minecraft:stripped_oak_log":20,"minecraft:leather":10,"minecraft:oak_log":290,"minecraft:gunpowder":1,"deeperdarker:echo_soil":124,"minecraft:apple":4,"minecraft:stone_bricks":16,"untamedwilds:material_fat":2,"minecraft:iron_ingot":56,"minecraft:stone_pickaxe":1,"minecraft:cobweb":16,"minecraft:iron_sword":1,"minecraft:oak_slab":3,"minecraft:sweet_berries":73,"minecraft:amethyst_shard":4,"minecraft:spruce_sapling":2,"minecraft:spruce_log":19,"minecraft:sea_lantern":8,"minecraft:spider_eye":2,"biomesoplenty:maple_sapling":41,"deeperdarker:sculk_bone":47,"evilcraft:dark_gem":5,"minecraft:baked_potato":2,"minecraft:coal":60},"minecraft:custom":{"minecraft:interact_with_crafting_table":79,"minecraft:open_barrel":11,"minecraft:leave_game":7,"minecraft:time_since_death":174571,"minecraft:damage_resisted":0,"minecraft:sprint_one_cm":1716005,"minecraft:damage_blocked_by_shield":2794,"minecraft:drop":128,"minecraft:play_noteblock":1,"minecraft:talked_to_villager":4,"minecraft:play_time":728184,"minecraft:deaths":17,"minecraft:interact_with_brewingstand":2,"minecraft:jump":8311,"minecraft:walk_on_water_one_cm":98561,"minecraft:interact_with_furnace":122,"minecraft:sleep_in_bed":12,"minecraft:open_enderchest":3,"minecraft:damage_dealt":12875,"minecraft:crouch_one_cm":194874,"tombstone:undead_killed":9,"minecraft:horse_one_cm":2192,"minecraft:interact_with_smithing_table":2,"minecraft:interact_with_anvil":2,"minecraft:mob_kills":39,"minecraft:damage_dealt_resisted":0,"minecraft:climb_one_cm":19940,"minecraft:walk_one_cm":2359137,"minecraft:sneak_time":55145,"minecraft:walk_under_water_one_cm":50491,"minecraft:boat_one_cm":51120,"minecraft:total_world_time":728184,"minecraft:tune_noteblock":20,"minecraft:interact_with_stonecutter":15,"minecraft:time_since_rest":27662,"minecraft:damage_taken":2147483647,"minecraft:damage_absorbed":120,"minecraft:trigger_trapped_chest":3,"minecraft:swim_one_cm":90053,"minecraft:fly_one_cm":2205030,"minecraft:open_chest":167,"minecraft:fall_one_cm":158614}},"DataVersion":3465}